Date,Player,Club Name,Club Type,Club Speed,Attack Angle,Club Path,Club Face,Face to Path,Ball Speed,Smash Factor,Launch Angle,Launch Direction,Backspin,Sidespin,Spin Rate,Spin Rate Type,Spin Axis,Apex Height,Carry Distance,Carry Deviation Angle,Carry Deviation Distance,Total Distance,Total Deviation Angle,Total Deviation Distance,Note,Tag,Air Density,Temperature,Air Pressure,Relative Humidity
,,,,[km/h],[deg],[deg],[deg],[deg],[km/h],,[deg],[deg],[rpm],[rpm],[rpm],,[deg],[m],[m],[deg],[m],[m],[deg],[m],,,[g/L],[deg C],[kPa],[%]
3/10/2025 3:33:53 PM,Josh B,,5 Iron,104.0759167392666,-0.51,-0.91,2.86,3.77,133.16389951136085,1.2794881244713523,13.90999984741211,2.240000009536743,2811.684814453125,-278.6611022949219,2825.4599609375,Estimated,5.659999847412109,6.789999961853027,82.66999816894531,3.440000057220459,4.960000038146973,104.72000122070312,3.6700000762939453,6.710000038146973,,,1.1509776,21.11,97.22,0
3/10/2025 3:34:13 PM,Josh B,,5 Iron,107.96391362886908,-1.74,0.87,2.98,2.11,146.12388365020948,1.3534511554714201,14.359999656677246,2.559999942779541,3176.507080078125,-154.24566650390625,3180.25,Estimated,2.7799999713897705,9.539999961853027,101.44999694824219,3.359999895095825,5.940000057220459,118.16999816894531,3.440000057220459,7.099999904632568,,,1.1509776,21.11,97.22,0
3/10/2025 3:34:57 PM,Josh B,,5 Iron,108.57591313926947,-2.16,0.8,5.64,4.84,147.05987685893444,1.3544429202294792,15.4399995803833,4.739999771118164,3561.994140625,-363.0704040527344,3580.449951171875,Estimated,5.820000171661377,11.119999885559082,105.06999969482422,6.590000152587891,12.0600004196167,120.08999633789062,6.769999980926514,14.15999984741211,,,1.1509776,21.11,97.22,0
3/10/2025 3:35:16 PM,Josh B,,5 Iron,109.6919122464702,-1.0,0.07,-0.76,-0.8300000000000001,144.39588668055626,1.316376784061423,11.3100004196167,-0.6200000047683716,2625.837158203125,63.71550750732422,2626.610107421875,Estimated,-1.3899999856948853,5.949999809265137,88.5,-0.8999999761581421,-1.3899999856948853,118.43000030517578,-0.9700000286102295,-2.009999990463257,,,1.1509776,21.11,97.22,0
3/10/2025 3:35:29 PM,Josh B,,5 Iron,106.34391492486805,-0.6,-0.42,10.39,10.81,142.4518849398592,1.3395395969811854,15.239999771118164,8.479999542236328,3094.2265625,-804.2557983398438,3197.0400390625,Estimated,14.569999694824219,9.4399995803833,97.1500015258789,12.40999984741211,20.8799991607666,113.86000061035156,12.90999984741211,25.440000534057617,,,1.1509776,21.11,97.22,0
3/10/2025 3:37:24 PM,Josh B,,5 Iron,0.0,0.0,0.0,0.0,0.0,131.54389806077998,inf,11.550000190734863,8.760000228881836,4440.25,0.0,4440.25,Estimated,-0.0,5.639999866485596,76.94999694824219,8.949999809265137,11.970000267028809,97.95999908447266,8.899999618530273,15.15999984741211,,,1.1509776,21.11,97.22,0
3/10/2025 3:37:56 PM,Josh B,,5 Iron,114.15590867527305,0.83,4.32,6.56,2.2399999999999993,158.25587009940546,1.3863134369117835,14.460000038146973,5.929999828338623,3305.296630859375,-155.8738250732422,3308.969970703125,Estimated,2.700000047683716,12.130000114440918,118.04000091552734,6.96999979019165,14.319999694824219,134.77999877929688,7.03000020980835,16.5,,,1.1509776,21.11,97.22,0
3/10/2025 3:38:15 PM,Josh B,,5 Iron,112.49991000007199,6.69,-5.61,10.0,15.61,139.06789259090075,1.2361600341796875,3.75,7.510000228881836,1210.140625,-698.6749267578125,1397.3499755859375,Estimated,30.0,0.5,27.979999542236328,8.699999809265137,4.230000019073486,86.5999984741211,9.510000228881836,14.300000190734863,,,1.1509776,21.11,97.22,0
3/10/2025 3:38:30 PM,Josh B,,5 Iron,116.49590680327455,-2.33,2.96,15.06,12.100000000000001,153.82787528975052,1.3204573406129891,,12.739999771118164,1966.0501708984375,-968.6954956054688,2191.739990234375,Estimated,26.229999542236328,,,,,,,,,,1.1509776,21.11,97.22,0
3/10/2025 3:38:50 PM,Josh B,,5 Iron,124.77590017927983,4.72,-3.6,13.22,16.82,123.26390743135451,0.9878823334814426,2.950000047683716,10.40999984741211,1654.437744140625,-955.18994140625,1910.3800048828125,Estimated,30.0,0.25,18.030000686645508,11.420000076293945,3.569999933242798,36.93000030517578,11.949999809265137,7.639999866485596,,,1.1509776,21.11,97.22,0
3/10/2025 3:39:19 PM,Josh B,,5 Iron,113.25590939527248,0.65,2.52,7.68,5.16,155.98788180149143,1.3773045718707784,14.930000305175781,6.619999885559082,3340.1552734375,-394.7422790527344,3363.39990234375,Estimated,6.739999771118164,12.170000076293945,115.79000091552734,8.899999618530273,17.920000076293945,130.97000122070312,9.100000381469727,20.709999084472656,,,1.1509776,21.11,97.22,0
3/10/2025 3:39:45 PM,Josh B,,5 Iron,118.18790544967563,1.33,2.66,4.47,1.8099999999999996,159.6598667789425,1.3508985219043892,13.850000381469727,4.0,3454.388427734375,-135.11944580078125,3457.030029296875,Estimated,2.240000009536743,11.890000343322754,118.61000061035156,4.840000152587891,10.010000228881836,134.08999633789062,4.900000095367432,11.4399995803833,,,1.1509776,21.11,97.22,0
3/10/2025 3:40:00 PM,Josh B,,5 Iron,113.68790904967274,-1.36,-2.84,11.57,14.41,154.79987616009905,1.3616212792906903,17.68000030517578,9.149999618530273,3766.600341796875,-1158.037841796875,3940.60009765625,Estimated,17.09000015258789,15.050000190734863,116.58000183105469,15.359999656677246,30.8799991607666,129.22999572753906,15.850000381469727,35.290000915527344,,,1.1509776,21.11,97.22,0
3/10/2025 3:40:17 PM,Josh B,,5 Iron,124.59590032327972,1.05,4.21,15.37,11.16,156.81587949114405,1.2585958212450452,18.90999984741211,13.149999618530273,5736.6640625,-946.6127319335938,5814.240234375,Estimated,9.369999885559082,18.760000228881836,117.69000244140625,18.200000762939453,36.75,126.05999755859375,18.34000015258789,39.65999984741211,,,1.1509776,21.11,97.22,0
3/10/2025 3:40:50 PM,Josh B,,5 Iron,0.0,0.0,0.0,0.0,0.0,125.13589384880444,inf,15.880000114440918,2.4800000190734863,5152.169921875,0.0,5152.169921875,Estimated,-0.0,8.220000267028809,78.83000183105469,2.569999933242798,3.5399999618530273,91.70999908447266,2.559999942779541,4.090000152587891,,,1.1509776,21.11,97.22,0
3/10/2025 3:41:16 PM,Josh B,,5 Iron,111.56391074887138,-0.95,-1.45,4.93,6.38,134.63989778124582,1.2068409656624366,15.399999618530273,3.869999885559082,3637.8232421875,-504.14251708984375,3672.590087890625,Estimated,7.889999866485596,8.760000228881836,88.9000015258789,5.989999771118164,9.279999732971191,104.29000091552734,6.260000228881836,11.380000114440918,,,1.1509776,21.11,97.22,0
3/10/2025 3:41:31 PM,Josh B,,5 Iron,107.9999136000691,0.0,0.0,0.0,0.0,143.38789188148337,1.3276667277018228,15.5,0.05000000074505806,3188.280029296875,0.0,3188.280029296875,Estimated,-0.0,10.180000305175781,100.47000122070312,0.05000000074505806,0.09000000357627869,117.43000030517578,0.05000000074505806,0.10000000149011612,,,1.1509776,21.11,97.22,0
3/10/2025 3:41:55 PM,Josh B,,5 Iron,121.06790314567748,-1.17,-1.03,3.49,4.5200000000000005,161.31587589114693,1.3324413135085047,15.920000076293945,2.740000009536743,4190.17431640625,-387.23553466796875,4208.02978515625,Estimated,5.28000020980835,15.5600004196167,123.95999908447266,4.789999961853027,10.359999656677246,136.08999633789062,4.929999828338623,11.710000038146973,,,1.1509776,21.11,97.22,0
3/10/2025 3:42:22 PM,Josh B,,5 Iron,137.77188978248816,0.0,0.0,0.0,0.0,137.66389591136374,0.9992161400174234,6.079999923706055,3.4800000190734863,4204.509765625,0.0,4204.509765625,Estimated,-0.0,2.3299999237060547,63.09000015258789,3.509999990463257,3.859999895095825,96.05000305175781,3.5,5.860000133514404,,,1.1509776,21.11,97.22,0
3/10/2025 3:42:46 PM,Josh B,,5 Iron,114.62390830087335,-2.26,-4.73,1.97,6.7,149.5798775895159,1.3049622875961226,11.640000343322754,1.0299999713897705,3172.077880859375,-561.0355834960938,3221.31005859375,Estimated,10.029999732971191,7.349999904632568,97.63999938964844,3.4800000190734863,5.929999828338623,122.52999877929688,3.9800000190734863,8.5,,,1.1509776,21.11,97.22,0
3/10/2025 3:43:12 PM,Josh B,,5 Iron,113.11190951047239,8.37,-8.8,11.43,20.23,122.7239023701945,1.0849777260530837,,8.289999961853027,1036.0089111328125,-598.1399536132812,1196.280029296875,Estimated,30.0,,,,,,,,,,1.1509776,21.11,97.22,0
3/10/2025 3:43:40 PM,Josh B,,5 Iron,108.57591313926947,2.43,-1.26,5.24,6.5,127.29590036054533,1.172413813340569,15.350000381469727,4.150000095367432,3259.45947265625,-498.7673645019531,3297.39990234375,Estimated,8.699999809265137,7.289999961853027,79.05000305175781,6.139999866485596,8.460000038146973,96.87000274658203,6.46999979019165,10.90999984741211,,,1.1509776,21.11,97.22,0
3/10/2025 3:44:09 PM,Josh B,,5 Iron,105.11991590406727,-2.1,2.97,3.78,0.8099999999999996,137.44789114031988,1.3075342570265678,15.220000267028809,3.4700000286102295,3288.955078125,-44.77717590332031,3289.260009765625,Estimated,0.7799999713897705,8.920000076293945,92.29000091552734,3.7699999809265137,6.070000171661377,109.30999755859375,3.7799999713897705,7.210000038146973,,,1.1509776,21.11,97.22,0
3/10/2025 3:44:28 PM,Josh B,,5 Iron,113.32790933767252,0.78,4.24,4.17,-0.07000000000000028,144.89988408009273,1.27858958068615,10.989999771118164,3.9600000381469727,2594.427734375,27.169776916503906,2594.570068359375,Estimated,-0.6000000238418579,5.71999979019165,87.77999877929688,3.9000000953674316,5.980000019073486,116.97000122070312,3.859999895095825,7.860000133514404,,,1.1509776,21.11,97.22,0
3/10/2025 3:44:50 PM,Josh B,,5 Iron,111.59991072007142,-3.14,-1.02,2.41,3.43,148.64388438079092,1.3319355134041078,11.149999618530273,1.850000023841858,3213.091796875,-272.0699768066406,3224.590087890625,Estimated,4.840000152587891,6.849999904632568,95.48999786376953,3.0399999618530273,5.070000171661377,121.51000213623047,3.2799999713897705,6.949999809265137,,,1.1509776,21.11,97.22,0
3/10/2025 3:45:15 PM,Josh B,,5 Iron,111.8879104896716,0.54,1.17,8.49,7.32,148.3918856810227,1.3262548655309887,17.899999618530273,7.119999885559082,3681.7353515625,-565.3577270507812,3724.889892578125,Estimated,8.729999542236328,14.039999961853027,110.80000305175781,10.220000267028809,19.65999984741211,123.5,10.449999809265137,22.399999618530273,,,1.1509776,21.11,97.22,0
3/10/2025 3:45:34 PM,Josh B,,5 Iron,107.24391420486862,-0.23,0.95,5.8,4.85,142.3438894207869,1.3272910679935328,15.920000076293945,4.889999866485596,3278.609375,-358.4870300292969,3298.14990234375,Estimated,6.239999771118164,10.420000076293945,99.87000274658203,6.710000038146973,11.670000076293945,115.2699966430664,6.900000095367432,13.859999656677246,,,1.1509776,21.11,97.22,0
3/10/2025 3:46:18 PM,Josh B,,5 Iron,104.03991676806658,1.76,-1.0,-0.83,0.17000000000000004,144.4678882709042,1.3885813518378975,8.739999771118164,-0.8100000023841858,1932.86328125,-17.205217361450195,1932.93994140625,Estimated,0.5099999904632568,3.390000104904175,72.31999969482422,-0.75,-0.9399999976158142,108.06999969482422,-0.7200000286102295,-1.3600000143051147,,,1.1509776,21.11,97.22,0
3/10/2025 3:46:43 PM,Josh B,,5 Iron,110.08791192967044,1.4,0.72,7.16,6.44,144.07188639044008,1.3086985107182365,,5.96999979019165,1175.718505859375,-491.09051513671875,1274.1600341796875,Estimated,22.670000076293945,,,,,,,,,,1.1509776,21.11,97.22,0
3/10/2025 3:47:06 PM,Josh B,,5 Iron,93.67192506245993,0.04,-0.3,7.38,7.68,132.83989922124468,1.4181399510330095,15.010000228881836,6.019999980926514,2524.767822265625,-503.123779296875,2574.409912109375,Estimated,11.270000457763672,7.349999904632568,83.80000305175781,8.380000114440918,12.220000267028809,106.13999938964844,8.819999694824219,16.280000686645508,,,1.1509776,21.11,97.22,0
3/10/2025 3:47:29 PM,Josh B,,5 Iron,105.29991576006738,-5.03,3.78,10.81,7.030000000000001,148.57188279044297,1.410940186590211,14.149999618530273,9.359999656677246,4097.22900390625,-498.72174072265625,4127.47021484375,Estimated,6.940000057220459,10.489999771118164,104.30000305175781,11.84000015258789,21.40999984741211,118.98999786376953,12.050000190734863,24.84000015258789,,,1.1509776,21.11,97.22,0
3/10/2025 3:47:48 PM,Josh B,,5 Iron,125.56789954568036,-0.6,0.22,8.17,7.95,145.2238843702089,1.156536701622359,12.220000267028809,6.739999771118164,3394.191162109375,-694.8753662109375,3464.590087890625,Estimated,11.569999694824219,7.400000095367432,93.87999725341797,9.770000457763672,15.930000305175781,115.23999786376953,10.270000457763672,20.549999237060547,,,1.1509776,21.11,97.22,0
3/10/2025 3:48:08 PM,Josh B,,5 Iron,106.66791466566825,-1.47,4.18,10.53,6.35,144.25188349986038,1.3523455853805002,18.010000228881836,9.170000076293945,3809.87890625,-452.9518127441406,3836.7099609375,Estimated,6.78000020980835,13.319999694824219,105.83000183105469,11.729999542236328,21.510000228881836,118.29000091552734,11.880000114440918,24.360000610351562,,,1.1509776,21.11,97.22,0
3/10/2025 3:48:30 PM,Josh B,,5 Iron,79.34393652485078,-0.67,2.33,-6.01,-8.34,100.04392326075983,1.2608893337353604,13.819999694824219,-4.650000095367432,2872.05615234375,470.31719970703125,2910.31005859375,Estimated,-9.300000190734863,3.180000066757202,44.459999084472656,-5.860000133514404,-4.539999961853027,65.5,-6.21999979019165,-7.099999904632568,,,1.1509776,21.11,97.22,0
3/10/2025 3:50:06 PM,Josh B,,5 Iron,74.66394026884777,-1.62,1.49,-9.98,-11.47,85.53593239522868,1.1456123543337433,2.7799999713897705,-8.010000228881836,2051.185302734375,602.918701171875,2137.9599609375,Estimated,-16.3799991607666,0.09000000357627869,6.980000019073486,-8.300000190734863,-1.0099999904632568,24.190000534057617,-8.5,-3.5799999237060547,,,1.1509776,21.11,97.22,0
3/10/2025 3:50:28 PM,Josh B,,5 Iron,100.4759196192643,-2.63,-1.72,6.06,7.779999999999999,132.01188779869287,1.3138659322445472,12.319999694824219,4.760000228881836,2847.621826171875,-553.5216064453125,2900.919921875,Estimated,11.0,5.409999847412109,75.91000366210938,6.920000076293945,9.140000343322754,101.8499984741211,7.429999828338623,13.170000076293945,,,1.1509776,21.11,97.22,0
3/10/2025 3:50:43 PM,Josh B,,5 Iron,97.16392226886217,-0.18,-0.87,1.7,2.57,135.17988910950666,1.3912559924809391,13.579999923706055,1.2899999618530273,2405.798828125,-177.9373321533203,2412.3701171875,Estimated,4.230000019073486,6.5,83.27999877929688,2.0999999046325684,3.049999952316284,109.70999908447266,2.2799999713897705,4.369999885559082,,,1.1509776,21.11,97.22,0
3/10/2025 3:50:58 PM,Josh B,,5 Iron,97.01992238406208,-3.03,-2.86,5.88,8.74,124.66790411089154,1.2849722103196748,10.140000343322754,4.480000019073486,2704.55810546875,-604.5403442382812,2771.300048828125,Estimated,12.600000381469727,3.240000009536743,59.41999816894531,6.349999904632568,6.570000171661377,87.68000030517578,6.940000057220459,10.59000015258789,,,1.1509776,21.11,97.22,0
3/10/2025 3:55:34 PM,Josh B,,5 Iron,100.79991936006451,-1.38,-0.55,7.28,7.83,128.95189573985058,1.2792857033865792,15.380000114440918,5.909999847412109,3011.882568359375,-552.7838745117188,3062.18994140625,Estimated,10.399999618530273,7.409999847412109,80.8499984741211,8.270000457763672,11.630000114440918,99.19999694824219,8.649999618530273,14.920000076293945,,,1.1509776,21.11,97.22,0
3/10/2025 3:56:04 PM,Josh B,,5 Iron,106.37991489606807,-1.85,-1.6,4.55,6.15,138.5998891200887,1.3028764805414552,13.770000457763672,3.5399999618530273,3058.14697265625,-464.6852722167969,3093.25,Estimated,8.640000343322754,7.599999904632568,89.52999877929688,5.590000152587891,8.720000267028809,110.77999877929688,5.949999809265137,11.479999542236328,,,1.1509776,21.11,97.22,0
3/10/2025 3:56:20 PM,Josh B,,5 Iron,100.90791927366458,-5.42,0.44,10.88,10.440000000000001,137.91589461113196,1.3667499598034611,12.34000015258789,9.0,3719.43212890625,-733.769287109375,3791.1201171875,Estimated,11.15999984741211,6.659999847412109,85.2300033569336,11.90999984741211,17.59000015258789,106.41999816894531,12.399999618530273,22.860000610351562,,,1.1509776,21.11,97.22,0
3/10/2025 3:56:40 PM,Josh B,,5 Iron,110.59191152647077,-1.12,1.94,-0.12,-2.06,139.21188203869747,1.2587890028953552,11.149999618530273,0.14000000059604645,2739.57275390625,169.47926330566406,2744.81005859375,Estimated,-3.5399999618530273,5.320000171661377,81.54000091552734,-0.5299999713897705,-0.75,109.87999725341797,-0.7099999785423279,-1.350000023841858,,,1.1509776,21.11,97.22,0
3/10/2025 3:57:00 PM,Josh B,,5 Iron,121.1039031168775,0.97,-4.1,8.79,12.889999999999999,149.47188207044354,1.2342449600999903,10.720000267028809,6.699999809265137,2736.4658203125,-1111.7198486328125,2953.669921875,Estimated,22.110000610351562,5.840000152587891,90.04000091552734,11.4399995803833,17.850000381469727,119.18000030517578,12.579999923706055,25.950000762939453,,,1.1509776,21.11,97.22,0
3/10/2025 3:57:27 PM,Josh B,,5 Iron,115.63190749447398,0.0,0.0,0.0,0.0,155.4478767403314,1.3443337579444516,15.15999984741211,-0.699999988079071,3454.199951171875,0.0,3454.199951171875,Estimated,-0.0,12.529999732971191,116.12999725341797,-0.7300000190734863,-1.4800000190734863,130.66000366210938,-0.7300000190734863,-1.659999966621399,,,1.1509776,21.11,97.22,0
3/10/2025 3:57:47 PM,Josh B,,5 Iron,119.98790400967678,3.77,-2.79,-5.67,-2.88,138.88789548148048,1.157515806512292,3.2899999618530273,-5.0,1536.062744140625,226.00424194335938,1552.5999755859375,Estimated,-8.369999885559082,0.4399999976158142,27.889999389648438,-5.369999885559082,-2.609999895095825,86.27999877929688,-5.619999885559082,-8.449999809265137,,,1.1509776,21.11,97.22,0
3/10/2025 3:58:41 PM,Josh B,,5 Iron,110.30391175687059,0.0,0.0,0.0,0.0,139.96789187090133,1.2689295387766069,6.75,-6.079999923706055,2393.75,0.0,2393.75,Estimated,-0.0,2.1600000858306885,60.0,-6.110000133514404,-6.389999866485596,101.30000305175781,-6.099999904632568,-10.760000228881836,,,1.1509776,21.11,97.22,0
3/10/2025 3:58:56 PM,Josh B,,5 Iron,106.63191469446824,3.48,-2.89,8.56,11.450000000000001,123.2999013600789,1.1563133018230924,3.2899999618530273,6.670000076293945,1621.9854736328125,-865.6958618164062,1838.550048828125,Estimated,28.09000015258789,0.3100000023841858,20.1299991607666,7.699999809265137,2.700000047683716,37.36000061035156,8.180000305175781,5.320000171661377,,,1.1509776,21.11,97.22,0
3/10/2025 3:59:22 PM,Josh B,,5 Iron,104.36391650886678,0.72,2.6,-4.93,-7.529999999999999,137.62788824974018,1.3187305809671035,14.460000038146973,-3.7200000286102295,2785.107177734375,561.0703125,2841.06005859375,Estimated,-11.390000343322754,7.800000190734863,89.08000183105469,-6.289999961853027,-9.760000228881836,109.41000366210938,-6.730000019073486,-12.829999923706055,,,1.1509776,21.11,97.22,0
3/10/2025 3:59:36 PM,Josh B,,5 Iron,109.94391204487034,-3.29,0.04,7.65,7.61,151.34388222079264,1.376555367240581,19.299999237060547,6.289999961853027,3817.774169921875,-583.5195922851562,3862.110107421875,Estimated,8.6899995803833,16.489999771118164,115.80000305175781,9.59000015258789,19.299999237060547,127.8499984741211,9.8100004196167,21.780000686645508,,,1.1509776,21.11,97.22,0
3/10/2025 3:59:57 PM,Josh B,,5 Iron,118.94390484487612,-2.33,3.14,6.03,2.89,152.78387282905408,1.284503590396761,19.040000915527344,5.340000152587891,4705.93115234375,-222.74925231933594,4711.2001953125,Estimated,2.7100000381469727,17.440000534057617,116.2699966430664,6.730000019073486,13.619999885559082,126.30000305175781,6.760000228881836,14.869999885559082,,,1.1509776,21.11,97.22,0
3/10/2025 4:00:13 PM,Josh B,,5 Iron,136.94389044488764,-1.96,1.07,5.5,4.43,165.31186115871418,1.2071503198986675,19.540000915527344,4.650000095367432,6812.01318359375,-415.4472351074219,6824.669921875,Estimated,3.490000009536743,23.200000762939453,127.47000122070312,6.820000171661377,15.130000114440918,131.05999755859375,6.840000152587891,15.600000381469727,,,1.1509776,21.11,97.22,0
3/10/2025 4:00:48 PM,Josh B,,5 Iron,91.69192664645867,0.22,-8.2,6.38,14.579999999999998,130.93189140927203,1.4279544142867988,16.399999618530273,4.210000038146973,2706.44384765625,-967.4486694335938,2874.159912109375,Estimated,19.670000076293945,8.170000076293945,83.98999786376953,8.460000038146973,12.359999656677246,100.95999908447266,9.149999618530273,16.049999237060547,,,1.1509776,21.11,97.22,0
3/10/2025 4:01:10 PM,Josh B,,5 Iron,144.10788471369221,0.0,0.0,0.0,0.0,144.3238850902083,1.001498879654956,11.4399995803833,3.3399999141693115,4946.43017578125,0.0,4946.43017578125,Estimated,-0.0,7.699999809265137,93.7699966430664,3.440000057220459,5.619999885559082,110.37999725341797,3.4200000762939453,6.590000152587891,,,1.1509776,21.11,97.22,0
3/10/2025 4:01:28 PM,Josh B,,5 Iron,154.61987630409897,0.0,0.0,0.0,0.0,157.96787747091284,1.0216531098513442,13.779999732971191,5.829999923706055,5636.77001953125,0.0,5636.77001953125,Estimated,-0.0,13.40999984741211,115.29000091552734,6.150000095367432,12.350000381469727,126.44000244140625,6.110000133514404,13.460000038146973,,,1.1509776,21.11,97.22,0
3/10/2025 4:02:00 PM,Josh B,,5 Iron,112.03191037447169,0.63,0.23,-2.36,-2.59,153.46788107090998,1.3698586461476616,13.760000228881836,-1.909999966621399,3145.66943359375,203.42132568359375,3152.239990234375,Estimated,-3.700000047683716,10.210000038146973,109.6500015258789,-2.9700000286102295,-5.679999828338623,127.76000213623047,-3.0999999046325684,-6.909999847412109,,,1.1509776,21.11,97.22,0
3/10/2025 4:02:17 PM,Josh B,,5 Iron,109.6919122464702,-2.81,-1.79,0.55,2.34,148.64388438079092,1.3551034104209827,14.65999984741211,0.2199999988079071,3690.70458984375,-187.6088409423828,3695.469970703125,Estimated,2.9100000858306885,10.789999961853027,106.08999633789062,1.0800000429153442,2.0,121.05000305175781,1.1799999475479126,2.5,,,1.1509776,21.11,97.22,0
3/10/2025 4:02:34 PM,Josh B,,5 Iron,106.7399146080683,2.04,-2.2,-0.79,1.4100000000000001,152.3878846814891,1.4276560482649137,11.210000038146973,-0.9200000166893005,2482.841796875,-115.78496551513672,2485.5400390625,Estimated,2.6700000762939453,6.699999809265137,97.83000183105469,-0.3799999952316284,-0.6600000262260437,128.80999755859375,-0.25,-0.550000011920929,,,1.1509776,21.11,97.22,0
3/10/2025 4:03:39 PM,Josh B,,5 Iron,92.91592566725946,2.4,-5.48,-2.69,2.7900000000000005,126.10789471915297,1.357225834145559,2.9200000762939453,-2.890000104904175,1409.0616455078125,-204.0531005859375,1423.760009765625,Estimated,8.239999771118164,0.25999999046325684,18.530000686645508,-2.6600000858306885,-0.8600000143051147,39.869998931884766,-2.5299999713897705,-1.7599999904632568,,,1.1509776,21.11,97.22,0
3/10/2025 4:03:55 PM,Josh B,,5 Iron,93.9239248608601,-1.54,8.83,-5.18,-14.01,121.24790410030953,1.2909160714900645,12.890000343322754,-3.1500000953674316,2673.137939453125,955.5430908203125,2838.7900390625,Estimated,-19.670000076293945,4.480000019073486,63.560001373291016,-6.329999923706055,-7.010000228881836,88.55999755859375,-7.21999979019165,-11.130000114440918,,,1.1509776,21.11,97.22,0
3/10/2025 4:04:14 PM,Josh B,,5 Iron,107.09991432006854,-2.97,7.47,-1.05,-8.52,137.1238908502037,1.2803361395827861,11.239999771118164,0.07000000029802322,3050.68408203125,673.5277709960938,3124.14990234375,Estimated,-12.449999809265137,5.300000190734863,79.51000213623047,-2.4200000762939453,-3.3499999046325684,106.12000274658203,-3.049999952316284,-5.639999866485596,,,1.1509776,21.11,97.22,0
3/10/2025 4:06:12 PM,Josh B,,5 Iron,106.09191512646788,-0.39,3.44,5.58,2.14,147.41988481067418,1.3895487194753802,12.210000038146973,5.019999980926514,2456.87451171875,-142.09271240234375,2460.97998046875,Estimated,3.309999942779541,6.960000038146973,94.69999694824219,5.789999961853027,9.5600004196167,123.73999786376953,5.929999828338623,12.779999732971191,,,1.1509776,21.11,97.22,0
3/10/2025 4:06:38 PM,Josh B,,5 Iron,117.03590637127489,-3.61,-2.77,0.56,3.33,140.21989057066955,1.1980929179618411,17.020000457763672,0.11999999731779099,5068.904296875,-286.9457092285156,5077.02001953125,Estimated,3.240000009536743,12.279999732971191,98.8499984741211,1.190000057220459,2.049999952316284,110.0199966430664,1.2899999618530273,2.4800000190734863,,,1.1509776,21.11,97.22,0
3/10/2025 4:07:01 PM,Josh B,,5 Iron,115.88390729287414,1.34,2.23,7.67,5.4399999999999995,131.50789039915642,1.134824441730254,17.329999923706055,6.579999923706055,3966.48486328125,-428.0965270996094,3989.52001953125,Estimated,6.159999847412109,10.039999961853027,88.6500015258789,8.5,13.100000381469727,102.01000213623047,8.670000076293945,15.380000114440918,,,1.1509776,21.11,97.22,0
3/10/2025 4:07:29 PM,Josh B,,5 Iron,115.81190735047412,-0.62,-0.74,9.37,10.11,153.5758765899823,1.3260801941999412,10.140000343322754,7.599999904632568,2879.474609375,-821.3267822265625,2994.320068359375,Estimated,15.920000076293945,6.050000190734863,95.08999633789062,11.270000457763672,18.59000015258789,124.43000030517578,12.100000381469727,26.06999969482422,,,1.1509776,21.11,97.22,0
3/10/2025 4:08:01 PM,Josh B,,5 Iron,104.21991662406668,0.0,0.0,0.0,0.0,144.4678882709042,1.386183111161148,11.569999694824219,-1.2000000476837158,2393.2099609375,0.0,2393.2099609375,Estimated,-0.0,5.96999979019165,88.38999938964844,-1.2200000286102295,-1.8899999856948853,117.73999786376953,-1.2200000286102295,-2.5,,,1.1509776,21.11,97.22,0
3/10/2025 4:08:19 PM,Josh B,,5 Iron,101.62791869766504,0.09,-2.36,9.18,11.54,140.50788319916217,1.382571688958444,15.670000076293945,7.239999771118164,2879.890625,-829.0601196289062,2996.85009765625,Estimated,16.059999465942383,9.300000190734863,95.5,11.3100004196167,18.719999313354492,112.02999877929688,11.84000015258789,22.989999771118164,,,1.1509776,21.11,97.22,0
3/10/2025 4:08:30 PM,Josh B,,5 Iron,104.3999164800668,-5.71,3.8,-5.54,-9.34,119.37590394996042,1.1434482706004176,7.769999980926514,-4.079999923706055,3345.778564453125,698.9695434570312,3418.010009765625,Estimated,-11.800000190734863,1.9199999570846558,46.619998931884766,-5.610000133514404,-4.559999942779541,76.91000366210938,-6.210000038146973,-8.3100004196167,,,1.1509776,21.11,97.22,0
3/10/2025 4:08:48 PM,Josh B,,5 Iron,105.87591529926775,-1.05,0.33,6.64,6.31,135.17988910950666,1.2767765806548979,10.0600004196167,5.5,2405.416015625,-464.95184326171875,2449.93994140625,Estimated,10.9399995803833,3.880000114440918,70.02999877929688,7.25,8.829999923706055,101.02999877929688,7.75,13.630000114440918,,,1.1509776,21.11,97.22,0
3/10/2025 4:09:04 PM,Josh B,,5 Iron,116.2799069760744,-1.12,-2.33,7.97,10.3,159.40786807917428,1.3708977950246712,15.789999961853027,6.260000228881836,3610.27783203125,-848.7775268554688,3708.7099609375,Estimated,13.229999542236328,14.039999961853027,120.97000122070312,10.899999618530273,22.8700008392334,134.66000366210938,11.289999961853027,26.3700008392334,,,1.1509776,21.11,97.22,0
3/10/2025 4:09:20 PM,Josh B,,5 Iron,120.09590392327685,-0.2,-2.08,3.73,5.8100000000000005,167.18386130906327,1.392086289769454,11.220000267028809,2.799999952316284,3027.734619140625,-499.0667419433594,3068.590087890625,Estimated,9.359999656677246,9.510000228881836,120.12999725341797,5.480000019073486,11.460000038146973,142.52999877929688,5.869999885559082,14.579999923706055,,,1.1509776,21.11,97.22,0
3/10/2025 4:09:38 PM,Josh B,,5 Iron,112.17591025927179,-1.24,-2.31,10.55,12.860000000000001,145.90787887916562,1.3007059942007984,9.84000015258789,8.369999885559082,2571.286376953125,-1018.5634765625,2765.679931640625,Estimated,21.610000610351562,4.619999885559082,81.26000213623047,12.4399995803833,17.510000228881836,112.94999694824219,13.5600004196167,26.479999542236328,,,1.1509776,21.11,97.22,0
3/10/2025 4:09:51 PM,Josh B,,5 Iron,114.37190850247319,-2.24,0.13,0.0,-0.13,124.48790700147126,1.088448279227406,15.390000343322754,25.6200008392334,4244.34765625,-2450.474853515625,4900.9501953125,Estimated,30.0,6.510000228881836,70.93000030517578,33.63999938964844,39.290000915527344,85.20999908447266,34.880001068115234,48.72999954223633,,,1.1509776,21.11,97.22,0
3/10/2025 4:10:18 PM,Josh B,,5 Iron,106.8839144928684,-2.93,-0.58,-5.86,-5.28,127.29590036054533,1.1909734122718614,9.630000114440918,-4.889999866485596,2939.923583984375,391.22509765625,2965.840087890625,Estimated,-7.579999923706055,3.259999990463257,61.58000183105469,-6.110000133514404,-6.559999942779541,89.7300033569336,-6.46999979019165,-10.109999656677246,,,1.1509776,21.11,97.22,0
3/10/2025 4:10:30 PM,Josh B,,5 Iron,112.6799098560721,-3.32,0.12,7.52,7.3999999999999995,137.0878969214793,1.2166134770305013,10.890000343322754,6.190000057220459,3383.423828125,-581.3784790039062,3433.010009765625,Estimated,9.75,5.239999771118164,79.30999755859375,8.359999656677246,11.529999732971191,105.12000274658203,8.84000015258789,16.149999618530273,,,1.1509776,21.11,97.22,0
3/10/2025 4:10:54 PM,Josh B,,5 Iron,112.96790962567229,-1.13,-3.06,7.23,10.290000000000001,138.05988405892867,1.222115948824764,14.100000381469727,5.550000190734863,3432.638427734375,-826.6384887695312,3530.77001953125,Estimated,13.539999961853027,7.980000019073486,89.56999969482422,9.020000457763672,14.050000190734863,108.33999633789062,9.569999694824219,18.010000228881836,,,1.1509776,21.11,97.22,0
3/10/2025 4:11:12 PM,Josh B,,5 Iron,111.8879104896716,-3.12,-2.06,9.03,11.09,156.9238750102164,1.4025096574191729,14.699999809265137,7.159999847412109,3250.62890625,-876.4784545898438,3366.719970703125,Estimated,15.09000015258789,11.75,114.91999816894531,11.869999885559082,23.639999389648438,130.5800018310547,12.369999885559082,27.969999313354492,,,1.1509776,21.11,97.22,0
3/10/2025 4:11:33 PM,Josh B,,5 Iron,108.93591285126972,-1.8,-2.7,9.95,12.649999999999999,134.81989489066612,1.2376074277243705,,7.829999923706055,1725.4205322265625,-975.4009399414062,1982.0400390625,Estimated,29.479999542236328,,,,,,,,,,1.1509776,21.11,97.22,0
3/10/2025 4:11:57 PM,Josh B,,5 Iron,105.08391593286724,4.38,-6.93,-4.87,2.0599999999999996,125.63990498124006,1.1956149888961598,1.5,-4.860000133514404,1354.58056640625,-184.59112548828125,1367.0999755859375,Estimated,7.760000228881836,0.07000000029802322,9.140000343322754,-4.760000228881836,-0.7599999904632568,39.209999084472656,-4.670000076293945,-3.190000057220459,,,1.1509776,21.11,97.22,0
3/10/2025 4:12:26 PM,Josh B,,5 Iron,116.96390642887485,-4.67,-2.57,-8.94,-6.369999999999999,151.73988410125676,1.297322299965494,9.869999885559082,-7.670000076293945,2941.520751953125,505.9742431640625,2984.719970703125,Estimated,-9.760000228881836,5.75,93.04000091552734,-9.9399995803833,-16.059999465942383,124.44000244140625,-10.460000038146973,-22.579999923706055,,,1.1509776,21.11,97.22,0
3/10/2025 4:12:47 PM,Josh B,,5 Iron,121.39190288647768,0.0,0.0,0.0,0.0,86.29192849453337,0.7108540721635378,,9.779999732971191,4632.681640625,-2674.6796875,5349.35986328125,Measured,30.0,,,,,,,,,,1.1509776,21.11,97.22,0
3/10/2025 4:12:59 PM,Josh B,,5 Iron,112.49991000007199,-2.23,2.31,0.19,-2.12,166.35586361941066,1.478719970703125,11.0600004196167,0.44999998807907104,2665.08447265625,178.41635131835938,2671.050048828125,Estimated,-3.8299999237060547,8.720000267028809,117.58000183105469,-0.5,-1.0199999809265137,144.63999938964844,-0.6800000071525574,-1.7200000286102295,,,1.1509776,21.11,97.22,0
3/10/2025 4:13:24 PM,Josh B,,5 Iron,116.35190691847446,0.44,-0.38,-0.92,-0.54,169.16387071138388,1.453898566784245,8.539999961853027,-0.8100000023841858,2323.7744140625,41.77873611450195,2324.14990234375,Estimated,-1.0299999713897705,5.75,107.27999877929688,-1.0299999713897705,-1.9199999570846558,146.3699951171875,-1.0800000429153442,-2.759999990463257,,,1.1509776,21.11,97.22,0
3/10/2025 4:13:42 PM,Josh B,,5 Iron,117.75590579527535,-3.39,-0.81,-3.89,-3.08,171.25186189987764,1.4542953132015963,7.110000133514404,-3.299999952316284,2135.20703125,248.9403533935547,2149.669921875,Estimated,-6.650000095367432,4.190000057220459,98.18000030517578,-4.489999771118164,-7.679999828338623,138.0399932861328,-4.820000171661377,-11.600000381469727,,,1.1509776,21.11,97.22,0
3/10/2025 4:14:18 PM,Josh B,,5 Iron,116.8919064864748,-2.56,-2.55,-4.44,-1.8900000000000006,165.5638735913816,1.4163844064818847,9.0600004196167,-3.9600000381469727,2522.52978515625,140.1480255126953,2526.419921875,Estimated,-3.180000066757202,6.170000076293945,106.79000091552734,-4.71999979019165,-8.779999732971191,142.30999755859375,-4.869999885559082,-12.09000015258789,,,1.1509776,21.11,97.22,0
3/10/2025 4:15:00 PM,Josh B,,5 Iron,118.87190490247607,1.64,4.72,-2.89,-7.609999999999999,183.49185760104515,1.5436099703423114,11.470000267028809,-1.7799999713897705,2621.365234375,656.982421875,2702.43994140625,Estimated,-14.069999694824219,11.869999885559082,141.7899932861328,-5.900000095367432,-14.579999923706055,162.67999267578125,-6.420000076293945,-18.200000762939453,,,1.1509776,21.11,97.22,0
3/10/2025 4:15:18 PM,Josh B,,5 Iron,129.63589629128296,-4.99,3.83,5.01,1.1799999999999997,159.44387574079784,1.2299361542773493,10.430000305175781,4.590000152587891,3499.88916015625,-83.70184326171875,3500.889892578125,Estimated,1.3700000047683716,8.010000228881836,108.62000274658203,5.079999923706055,9.630000114440918,132.16000366210938,5.130000114440918,11.8100004196167,,,1.1509776,21.11,97.22,0
3/10/2025 4:15:37 PM,Josh B,,5 Iron,124.95590003527997,-1.1,1.09,7.85,6.76,135.21589677113022,1.0821089418983294,5.639999866485596,6.579999923706055,2687.453857421875,-583.50341796875,2750.070068359375,Estimated,12.25,1.4600000381469727,49.45000076293945,8.0,6.880000114440918,91.47000122070312,8.640000343322754,13.75,,,1.1509776,21.11,97.22,0
3/10/2025 4:15:55 PM,Josh B,,5 Iron,150.58787952969635,0.0,0.0,0.0,0.0,152.17187991044528,1.0105187773790025,10.260000228881836,1.5800000429153442,5071.330078125,0.0,5071.330078125,Estimated,-0.0,7.949999809265137,100.75,1.6299999952316284,2.859999895095825,117.91000366210938,1.6200000047683716,3.3299999237060547,,,1.1509776,21.11,97.22,0
3/10/2025 4:16:26 PM,Josh B,,5 Iron,117.61190591047527,-0.8,-0.6,-2.81,-2.21,148.89588308055914,1.265993284675591,11.970000267028809,-2.380000114440918,3045.916015625,178.29344177246094,3051.1298828125,Estimated,-3.3499999046325684,7.519999980926514,98.04000091552734,-3.240000009536743,-5.539999961853027,122.77999877929688,-3.390000104904175,-7.25,,,1.1509776,21.11,97.22,0
3/10/2025 4:16:45 PM,Josh B,,5 Iron,109.33191253446996,-1.26,3.36,-0.83,-4.1899999999999995,128.44789834031414,1.174843605702199,9.069999694824219,-0.25999999046325684,2606.40771484375,337.1256103515625,2628.1201171875,Estimated,-7.369999885559082,2.9000000953674316,59.40999984741211,-1.2899999618530273,-1.3300000429153442,89.05999755859375,-1.6299999952316284,-2.5299999713897705,,,1.1509776,21.11,97.22,0
3/10/2025 4:17:22 PM,Josh B,,5 Iron,121.82390254087797,-0.58,0.62,-2.31,-2.93,174.52785872976378,1.4326240999478819,11.9399995803833,-1.8200000524520874,3070.580078125,252.44761657714844,3080.93994140625,Estimated,-4.699999809265137,11.930000305175781,133.52999877929688,-3.319999933242798,-7.739999771118164,151.9199981689453,-3.4800000190734863,-9.229999542236328,,,1.1509776,21.11,97.22,0
3/10/2025 4:18:01 PM,Josh B,,5 Iron,126.39589888328088,0.55,2.0,3.79,1.79,174.9598545389523,1.384220976192569,12.970000267028809,3.369999885559082,3439.888427734375,-146.57981872558594,3443.010009765625,Estimated,2.440000057220459,14.079999923706055,137.1999969482422,4.340000152587891,10.380000114440918,153.8800048828125,4.409999847412109,11.829999923706055,,,1.1509776,21.11,97.22,0
3/10/2025 4:18:19 PM,Josh B,,5 Iron,121.39190288647768,-2.03,-1.24,-3.72,-2.4800000000000004,176.795860760577,1.456405712050758,12.289999961853027,-3.2100000381469727,3092.24951171875,203.21873474121094,3098.919921875,Estimated,-3.759999990463257,12.90999984741211,137.72000122070312,-4.519999980926514,-10.850000381469727,155.92999267578125,-4.639999866485596,-12.609999656677246,,,1.1509776,21.11,97.22,0
3/10/2025 4:18:45 PM,Josh B,,5 Iron,122.97590161927869,1.49,-0.04,6.24,6.28,163.4038670796407,1.3287470547320972,9.359999656677246,5.119999885559082,2885.889892578125,-539.0370483398438,2935.800048828125,Estimated,10.579999923706055,6.610000133514404,106.6500015258789,7.75,14.369999885559082,136.58999633789062,8.289999961853027,19.690000534057617,,,1.1509776,21.11,97.22,0
3/10/2025 4:19:01 PM,Josh B,,5 Iron,124.73990020807982,-1.04,-0.8,1.93,2.73,169.88385914906502,1.3619047222715437,11.460000038146973,1.4800000190734863,3159.984130859375,-242.03799438476562,3169.239990234375,Estimated,4.380000114440918,10.5600004196167,125.83000183105469,2.819999933242798,6.199999809265137,143.92999267578125,2.9800000190734863,7.480000019073486,,,1.1509776,21.11,97.22,0
3/10/2025 4:19:20 PM,Josh B,,5 Iron,128.87989689608247,0.0,0.0,0.0,0.0,175.93185540930082,1.3650837690470605,11.109999656677246,0.23000000417232513,2901.419921875,0.0,2901.419921875,Estimated,-0.0,10.800000190734863,132.42999267578125,0.23000000417232513,0.5400000214576721,153.72000122070312,0.23000000417232513,0.6200000047683716,,,1.1509776,21.11,97.22,0
3/10/2025 4:19:41 PM,Josh B,,5 Iron,133.41589326728538,-0.41,3.1,3.06,-0.040000000000000036,176.39985888011287,1.3221802482460874,11.619999885559082,2.9000000953674316,3401.759033203125,21.967906951904297,3401.830078125,Estimated,-0.3700000047683716,12.460000038146973,135.7100067138672,2.880000114440918,6.829999923706055,153.3300018310547,2.859999895095825,7.639999866485596,,,1.1509776,21.11,97.22,0
3/10/2025 4:19:57 PM,Josh B,,5 Iron,122.21990222407823,4.12,6.85,-0.42,-7.27,148.21187483870324,1.2126656308967692,7.860000133514404,0.5099999904632568,1863.941650390625,658.2263793945312,1976.75,Estimated,-19.450000762939453,2.9100000858306885,69.7699966430664,-1.899999976158142,-2.319999933242798,111.01000213623047,-2.819999933242798,-5.46999979019165,,,1.1509776,21.11,97.22,0
3/10/2025 4:20:12 PM,Josh B,,5 Iron,132.11989430408457,1.59,1.26,0.85,-0.41000000000000003,170.81986609068915,1.2929155521236908,11.34000015258789,0.8600000143051147,3551.361572265625,45.250003814697266,3551.64990234375,Estimated,-0.7300000190734863,11.1899995803833,127.5999984741211,0.6499999761581421,1.4500000476837158,145.08999633789062,0.6200000047683716,1.5700000524520874,,,1.1509776,21.11,97.22,0
3/10/2025 4:20:41 PM,Josh B,,5 Iron,129.52789637768288,-5.73,-9.95,7.85,17.799999999999997,173.08786812150237,1.3362979941927373,9.539999961853027,5.210000038146973,2654.402587890625,-1532.5198974609375,3065.0400390625,Estimated,30.0,7.090000152587891,112.22000122070312,12.569999694824219,24.43000030517578,144.91000366210938,14.279999732971191,35.7400016784668,,,1.1509776,21.11,97.22,0
3/10/2025 4:21:12 PM,Josh B,,5 Iron,120.67190346247723,-1.44,2.12,1.32,-0.8,170.1718655104568,1.4102028776182478,10.739999771118164,1.350000023841858,2867.633056640625,78.59760284423828,2868.7099609375,Estimated,-1.5700000524520874,9.279999732971191,122.87999725341797,0.9599999785423279,2.059999942779541,147.6199951171875,0.8799999952316284,2.2699999809265137,,,1.1509776,21.11,97.22,0
3/10/2025 4:21:52 PM,Josh B,,5 Iron,124.01990078407937,0.0,-14.15,-15.97,-1.8200000000000003,89.24393190075291,0.7195936405087763,6.019999980926514,-14.890000343322754,4185.08349609375,77.43492126464844,4185.7998046875,Estimated,-1.059999942779541,0.5400000214576721,18.780000686645508,-14.989999771118164,-4.860000133514404,26.59000015258789,-15.010000228881836,-6.880000114440918,,,1.1509776,21.11,97.22,0
3/10/2025 4:22:06 PM,Josh B,,5 Iron,121.49990280007775,-0.48,-2.71,5.71,8.42,165.92386781022213,1.3656296341507523,11.020000457763672,4.349999904632568,3065.540283203125,-728.61865234375,3150.93994140625,Estimated,13.369999885559082,8.989999771118164,116.86000061035156,8.130000114440918,16.520000457763672,140.11000061035156,8.720000267028809,21.239999771118164,,,1.1509776,21.11,97.22,0
3/10/2025 4:22:25 PM,Josh B,,5 Iron,122.03990236807809,4.36,-1.48,3.37,4.85,168.1558621794118,1.377876079187984,9.899999618530273,2.5899999141693115,2784.171142578125,-422.0603942871094,2815.97998046875,Estimated,8.619999885559082,7.760000228881836,115.31999969482422,4.789999961853027,9.630000114440918,145.2100067138672,5.230000019073486,13.229999542236328,,,1.1509776,21.11,97.22,0
3/10/2025 4:23:09 PM,Josh B,,5 Iron,119.91590406727674,0.9,4.58,4.97,0.3899999999999997,178.19985744011404,1.4860402281597116,12.0600004196167,4.659999847412109,2963.0400390625,-7.757237911224365,2963.050048828125,Estimated,0.15000000596046448,12.65999984741211,139.0,4.869999885559082,11.789999961853027,158.00999450683594,4.849999904632568,13.350000381469727,,,1.1509776,21.11,97.22,0
3/10/2025 4:23:30 PM,Josh B,,5 Iron,125.38789968968022,-2.68,6.98,3.66,-3.3200000000000003,168.01185899871592,1.3399367834896732,12.329999923706055,3.880000114440918,3502.185791015625,330.43731689453125,3517.739990234375,Estimated,-5.389999866485596,11.800000190734863,126.05000305175781,2.299999952316284,5.059999942779541,143.07000732421875,2.0799999237060547,5.190000057220459,,,1.1509776,21.11,97.22,0
3/10/2025 4:23:47 PM,Josh B,,5 Iron,114.47990841607326,1.91,2.62,0.37,-2.25,166.9678702709186,1.4584905996262651,11.5600004196167,0.6299999952316284,2837.238525390625,192.926025390625,2843.7900390625,Estimated,-3.890000104904175,9.6899995803833,120.97000122070312,-0.38999998569488525,-0.8199999928474426,144.22999572753906,-0.5600000023841858,-1.409999966621399,,,1.1509776,21.11,97.22,0
3/10/2025 4:24:02 PM,Josh B,,5 Iron,157.28387417290065,-7.55,20.0,2.61,-17.39,165.20386563964186,1.0503547582890465,8.920000076293945,4.650000095367432,4981.525390625,2052.219482421875,5387.68994140625,Estimated,-22.389999389648438,8.029999732971191,109.06999969482422,-2.630000114440918,-5.010000228881836,127.29000091552734,-3.7300000190734863,-8.279999732971191,,,1.1509776,21.11,97.22,0
3/10/2025 4:24:23 PM,Josh B,,5 Iron,121.21190303047757,-1.52,0.99,-1.05,-2.04,156.02387573021582,1.287199291731152,11.479999542236328,-0.7400000095367432,3364.08935546875,178.6595458984375,3368.830078125,Estimated,-3.0399999618530273,8.4399995803833,107.0,-1.5800000429153442,-2.950000047683716,129.14999389648438,-1.7200000286102295,-3.869999885559082,,,1.1509776,21.11,97.22,0
3/10/2025 4:24:46 PM,Josh B,,5 Iron,117.5399059680752,-3.37,-2.41,5.3,7.71,155.33988122125908,1.3215926960452957,9.539999961853027,4.050000190734863,2863.66748046875,-644.8301391601562,2935.3701171875,Estimated,12.6899995803833,5.760000228881836,95.62999725341797,6.889999866485596,11.479999542236328,126.38999938964844,7.559999942779541,16.639999389648438,,,1.1509776,21.11,97.22,0
3/10/2025 4:25:02 PM,Josh B,,5 Iron,121.24790300167759,2.85,1.05,-0.72,-1.77,175.6438627808082,1.4486342314586504,11.8100004196167,-0.46000000834465027,2995.84765625,154.90855407714844,2999.85009765625,Estimated,-2.9600000381469727,11.869999885559082,134.83999633789062,-1.3700000047683716,-3.2200000286102295,152.61000061035156,-1.4700000286102295,-3.9200000762939453,,,1.1509776,21.11,97.22,0
3/10/2025 4:25:51 PM,Josh B,,5 Iron,124.81190015047987,-1.65,-3.02,-2.05,0.9700000000000002,172.11586725115384,1.3790020586469862,12.569999694824219,-2.059999942779541,3388.152587890625,-101.74176025390625,3389.679931640625,Estimated,1.7200000286102295,12.829999923706055,132.4499969482422,-1.5800000429153442,-3.6500000953674316,148.47999572753906,-1.5099999904632568,-3.9100000858306885,,,1.1509776,21.11,97.22,0
3/10/2025 4:26:18 PM,Josh B,,5 Iron,123.15590147527881,2.9,-2.03,5.98,8.01,163.6558657794089,1.3288511863336059,,4.659999847412109,2130.0166015625,-699.90185546875,2242.06005859375,Estimated,18.190000534057617,,,,,,,,,,1.1509776,21.11,97.22,0
3/10/2025 4:26:34 PM,Josh B,,5 Iron,124.19990064007948,-0.53,-5.77,4.32,10.09,173.37586074999498,1.39594202456267,13.119999885559082,2.8299999237060547,3469.972412109375,-907.7413940429688,3586.739990234375,Estimated,14.65999984741211,13.600000381469727,133.36000061035156,7.869999885559082,18.270000457763672,148.6999969482422,8.359999656677246,21.6299991607666,,,1.1509776,21.11,97.22,0
3/10/2025 4:26:52 PM,Josh B,,5 Iron,147.59988192009445,-5.93,5.81,0.97,-4.84,166.67986390952683,1.1292682740746476,10.989999771118164,1.5199999809265137,4473.15576171875,538.1430053710938,4505.41015625,Estimated,-6.860000133514404,10.9399995803833,120.8499984741211,-0.800000011920929,-1.6799999475479126,135.8699951171875,-1.059999942779541,-2.5199999809265137,,,1.1509776,21.11,97.22,0
3/10/2025 4:27:12 PM,Josh B,,5 Iron,118.40390527687578,-0.42,0.33,5.08,4.75,169.37986174952854,1.4305259725466872,11.270000457763672,4.21999979019165,2938.57421875,-390.5235900878906,2964.409912109375,Estimated,7.570000171661377,9.829999923706055,123.4800033569336,6.440000057220459,13.850000381469727,145.77999877929688,6.739999771118164,17.1200008392334,,,1.1509776,21.11,97.22,0
3/10/2025 4:28:00 PM,Josh B,,5 Iron,149.43588045129562,-1.33,-18.69,2.28,20.970000000000002,170.7478645003412,1.1426162444031747,12.199999809265137,-0.4699999988079071,4925.50439453125,-2313.5673828125,5441.7998046875,Estimated,25.15999984741211,12.720000267028809,122.66999816894531,9.029999732971191,19.260000228881836,135.30999755859375,9.930000305175781,23.34000015258789,,,1.1509776,21.11,97.22,0
3/10/2025 4:28:50 PM,Josh B,,5 Iron,116.09990712007429,-3.11,-4.12,-2.98,1.1400000000000001,153.68387210905465,1.323720887649891,9.380000114440918,-2.9600000381469727,2791.9296875,-113.59971618652344,2794.239990234375,Estimated,2.3299999237060547,5.460000038146973,93.63999938964844,-2.5199999809265137,-4.119999885559082,126.69999694824219,-2.380000114440918,-5.260000228881836,,,1.1509776,21.11,97.22,0
3/10/2025 4:29:08 PM,Josh B,,5 Iron,115.27190778247378,0.0,0.0,0.0,0.0,173.37586074999498,1.5040599577580296,10.619999885559082,1.899999976158142,2555.6201171875,0.0,2555.6201171875,Estimated,-0.0,9.100000381469727,125.55000305175781,1.9500000476837158,4.269999980926514,153.22999572753906,1.940000057220459,5.179999828338623,,,1.1509776,21.11,97.22,0
3/10/2025 4:29:29 PM,Josh B,,5 Iron,128.84389692488244,-0.8,2.41,3.53,1.1199999999999997,158.97587226998576,1.2338642036158733,11.15999984741211,3.200000047683716,3654.41015625,-86.75911712646484,3655.43994140625,Estimated,1.3600000143051147,8.899999618530273,110.5999984741211,3.690000057220459,7.119999885559082,131.19000244140625,3.740000009536743,8.550000190734863,,,1.1509776,21.11,97.22,0
3/10/2025 4:29:48 PM,Josh B,,5 Iron,132.33589413128468,-1.49,4.66,4.07,-0.5899999999999999,179.78385122907133,1.358541856004053,12.949999809265137,3.9200000762939453,3527.410400390625,83.12803649902344,3528.389892578125,Estimated,-1.350000023841858,15.329999923706055,143.86000061035156,3.619999885559082,9.09000015258789,159.8300018310547,3.549999952316284,9.899999618530273,,,1.1509776,21.11,97.22,0
3/10/2025 4:30:13 PM,Josh B,,5 Iron,122.79590176327858,0.5,2.86,-0.03,-2.8899999999999997,150.01187339870438,1.221635830224137,11.229999542236328,0.33000001311302185,2917.641845703125,263.9859313964844,2929.56005859375,Estimated,-5.170000076293945,6.849999904632568,96.41000366210938,-0.8299999833106995,-1.399999976158142,124.22000122070312,-1.100000023841858,-2.380000114440918,,,1.1509776,21.11,97.22,0
3/10/2025 4:30:26 PM,Josh B,,5 Iron,124.27190058247953,2.93,1.14,2.9,1.76,165.45586433941008,1.3314020592257432,7.03000020980835,2.5299999713897705,2565.166748046875,-146.55902099609375,2569.35009765625,Estimated,3.2699999809265137,4.179999828338623,95.12000274658203,3.190000057220459,5.289999961853027,130.97000122070312,3.3499999046325684,7.659999847412109,,,1.1509776,21.11,97.22,0
3/10/2025 4:30:42 PM,Josh B,,5 Iron,125.1718998624801,-2.06,-1.5,5.72,7.22,170.99986320010942,1.366120218579235,14.109999656677246,4.510000228881836,3873.804931640625,-639.220458984375,3926.18994140625,Estimated,9.369999885559082,15.140000343322754,133.2899932861328,8.119999885559082,18.829999923706055,146.8000030517578,8.399999618530273,21.440000534057617,,,1.1509776,21.11,97.22,0
3/10/2025 4:31:03 PM,Josh B,,5 Iron,123.19190144647882,-0.46,0.99,3.36,2.37,163.61987185068455,1.3281706827276287,12.880000114440918,2.880000114440918,3638.50341796875,-197.6912078857422,3643.8701171875,Estimated,3.109999895095825,11.760000228881836,121.77999877929688,3.9800000190734863,8.460000038146973,137.22000122070312,4.079999923706055,9.760000228881836,,,1.1509776,21.11,97.22,0
3/10/2025 4:31:19 PM,Josh B,,5 Iron,110.69991144007084,-1.99,0.21,-2.73,-2.94,161.17187271045103,1.4559349742362169,12.0,-2.2200000286102295,2792.119873046875,228.5727996826172,2801.4599609375,Estimated,-4.679999828338623,9.149999618530273,114.43000030517578,-3.4800000190734863,-6.940000057220459,137.6300048828125,-3.6700000762939453,-8.800000190734863,,,1.1509776,21.11,97.22,0
3/10/2025 4:32:06 PM,Josh B,,5 Iron,112.71590982727213,-6.2,13.06,-4.05,-17.11,131.14789618031585,1.1635260397692682,6.300000190734863,-1.690000057220459,3366.932861328125,1413.2542724609375,3651.510009765625,Estimated,-22.770000457763672,1.7400000095367432,50.83000183105469,-4.769999980926514,-4.21999979019165,87.83000183105469,-6.079999923706055,-9.3100004196167,,,1.1509776,21.11,97.22,0
3/10/2025 4:32:25 PM,Josh B,,5 Iron,124.73990020807982,2.87,-2.32,-4.82,-2.5000000000000004,122.7239023701945,0.9838383882420748,3.4700000286102295,-4.25,1960.966796875,205.06784057617188,1971.6600341796875,Estimated,-5.96999979019165,0.3799999952316284,23.06999969482422,-4.53000020980835,-1.8200000524520874,62.75,-4.699999809265137,-5.139999866485596,,,1.1509776,21.11,97.22,0
3/10/2025 4:32:45 PM,Josh B,,5 Iron,113.72390902087277,-4.36,3.07,3.41,0.3400000000000003,158.68787964149314,1.3953783422302846,12.84000015258789,3.180000066757202,3092.611083984375,-10.795292854309082,3092.6298828125,Estimated,0.20000000298023224,10.109999656677246,114.30000305175781,3.3399999141693115,6.650000095367432,133.17999267578125,3.3299999237060547,7.730000019073486,,,1.1509776,21.11,97.22,0
3/10/2025 4:33:04 PM,Josh B,,5 Iron,118.25990539207568,-1.55,1.48,0.19,-1.29,145.1878904414845,1.2277017300168853,10.960000038146973,0.3400000035762787,3085.046875,114.74107360839844,3087.179931640625,Estimated,-2.130000114440918,6.119999885559082,89.97000122070312,-0.11999999731779099,-0.1899999976158142,116.30999755859375,-0.23000000417232513,-0.4699999988079071,,,1.1509776,21.11,97.22,0
3/10/2025 4:33:24 PM,Josh B,,5 Iron,118.51190519047584,0.86,-2.26,10.62,12.879999999999999,158.7958751605655,1.339914963862441,14.649999618530273,8.4399995803833,1949.7481689453125,-587.9210815429688,2036.4599609375,Measured,16.780000686645508,10.199999809265137,114.62999725341797,12.220000267028809,24.260000228881836,138.44000244140625,12.800000190734863,30.68000030517578,,,1.1509776,21.11,97.22,0
3/10/2025 4:33:43 PM,Josh B,,5 Iron,126.21589902728077,1.28,0.73,1.72,0.99,174.81586509115556,1.3850542319820598,11.760000228881836,1.5,3083.015869140625,-82.8854751586914,3084.1298828125,Estimated,1.5399999618530273,11.789999961853027,133.4199981689453,2.0199999809265137,4.710000038146973,152.1999969482422,2.069999933242798,5.510000228881836,,,1.1509776,21.11,97.22,0
3/10/2025 4:34:14 PM,Josh B,,5 Iron,123.69590104327915,0.9,0.29,-2.79,-3.08,163.04387286080012,1.318102471348293,12.170000076293945,-2.259999990463257,3511.3291015625,267.71630859375,3521.52001953125,Estimated,-4.360000133514404,10.619999885559082,118.79000091552734,-3.6500000953674316,-7.570000171661377,135.52000427246094,-3.799999952316284,-8.989999771118164,,,1.1509776,21.11,97.22,0
3/10/2025 4:34:37 PM,Josh B,,5 Iron,125.09989992008005,0.72,3.85,1.64,-2.21,163.00786519917656,1.3030215476056655,12.380000114440918,1.8300000429153442,3655.695068359375,214.6272430419922,3661.989990234375,Estimated,-3.359999895095825,11.0600004196167,119.68000030517578,0.8399999737739563,1.7599999904632568,135.61000061035156,0.7099999785423279,1.6799999475479126,,,1.1509776,21.11,97.22,0
3/10/2025 4:34:48 PM,Josh B,,5 Iron,113.2919093664725,3.42,1.18,6.95,5.7700000000000005,152.74787890032968,1.3482682016261767,10.010000228881836,5.860000133514404,2729.104248046875,-449.84295654296875,2765.929931640625,Estimated,9.359999656677246,5.800000190734863,94.2300033569336,7.929999828338623,13.010000228881836,124.73999786376953,8.399999618530273,18.219999313354492,,,1.1509776,21.11,97.22,0
3/10/2025 4:35:25 PM,Josh B,,5 Iron,103.93191685446651,-4.63,11.59,-4.49,-16.08,125.171901510428,1.2043644079585616,6.690000057220459,-2.240000009536743,2883.063232421875,1222.0064697265625,3131.35009765625,Estimated,-22.969999313354492,1.559999942779541,45.189998626708984,-4.849999904632568,-3.819999933242798,82.20999908447266,-6.039999961853027,-8.649999618530273,,,1.1509776,21.11,97.22,0
3/10/2025 4:35:49 PM,Josh B,,5 Iron,105.73191541446766,-0.92,3.5,11.4,7.9,144.17988190951243,1.363636337659535,8.40999984741211,9.800000190734863,2091.21044921875,-566.6019287109375,2166.610107421875,Estimated,15.15999984741211,3.200000047683716,70.30999755859375,11.979999542236328,14.600000381469727,105.79000091552734,12.680000305175781,23.219999313354492,,,1.1509776,21.11,97.22,0
3/10/2025 4:36:20 PM,Josh B,,5 Iron,121.64390268487784,-0.44,0.05,3.1,3.0500000000000003,163.9798660695251,1.3480319395401168,10.5600004196167,2.549999952316284,3029.50830078125,-258.6552429199219,3040.530029296875,Estimated,4.880000114440918,8.289999961853027,113.83999633789062,3.9000000953674316,7.730000019073486,139.5800018310547,4.119999885559082,10.029999732971191,,,1.1509776,21.11,97.22,0
3/10/2025 4:37:02 PM,Josh B,,5 Iron,115.88390729287414,4.82,1.95,5.12,3.17,125.99989920008063,1.0872941907424667,0.5,4.449999809265137,1325.3087158203125,-246.34922790527344,1348.010009765625,Estimated,10.529999732971191,0.009999999776482582,21.280000686645508,4.78000020980835,1.7699999809265137,21.280000686645508,4.78000020980835,1.7699999809265137,,,1.1509776,21.11,97.22,0
3/10/2025 4:37:20 PM,Josh B,,5 Iron,126.61189871048103,0.54,2.43,-3.81,-6.24,175.71586437115613,1.387830576437049,12.34000015258789,-2.8299999237060547,3230.557861328125,564.9846801757812,3279.590087890625,Estimated,-9.920000076293945,12.869999885559082,135.88999938964844,-6.139999866485596,-14.529999732971191,152.33999633789062,-6.46999979019165,-17.149999618530273,,,1.1509776,21.11,97.22,0
3/10/2025 4:38:15 PM,Josh B,,5 Iron,118.22390542087567,-2.75,-2.5,-4.13,-1.63,169.30786015918062,1.432094968918906,12.210000038146973,-3.700000047683716,3123.464111328125,121.08330535888672,3125.81005859375,Estimated,-2.2200000286102295,11.369999885559082,127.33999633789062,-4.489999771118164,-9.970000267028809,144.47999572753906,-4.550000190734863,-11.460000038146973,,,1.1509776,21.11,97.22,0
3/10/2025 4:38:49 PM,Josh B,,5 Iron,120.70790343367725,6.01,-1.02,1.54,2.56,152.81988049067763,1.2660304432728735,3.4000000953674316,1.1299999952316284,2444.892822265625,-221.21197509765625,2454.8798828125,Estimated,5.170000076293945,0.8799999952316284,48.310001373291016,1.6399999856948853,1.3799999952316284,104.30000305175781,1.909999966621399,3.4700000286102295,,,1.1509776,21.11,97.22,0
3/10/2025 4:39:10 PM,Josh B,,5 Iron,118.11590550727558,-5.85,6.13,0.0,-6.13,124.01990353065919,1.0499847839969354,11.449999809265137,29.8799991607666,4468.52294921875,-2383.964599609375,5064.68017578125,Estimated,28.079999923706055,4.039999961853027,61.5099983215332,36.54999923706055,36.630001068115234,78.47000122070312,37.900001525878906,48.20000076293945,,,1.1509776,21.11,97.22,0
3/10/2025 4:39:30 PM,Josh B,,5 Iron,111.45591083527133,0.64,3.69,-2.87,-6.5600000000000005,170.45985813894941,1.5293927155723868,10.829999923706055,-1.8899999856948853,2503.790771484375,528.5443725585938,2558.969970703125,Estimated,-11.920000076293945,8.699999809265137,120.80999755859375,-4.860000133514404,-10.239999771118164,149.4499969482422,-5.420000076293945,-14.119999885559082,,,1.1509776,21.11,97.22,0
3/10/2025 4:39:55 PM,Josh B,,5 Iron,133.5958931232855,-3.47,1.48,3.21,1.73,161.6758701099875,1.2101859295988173,9.989999771118164,2.8299999237060547,3522.450927734375,-153.1775665283203,3525.780029296875,Estimated,2.490000009536743,7.900000095367432,110.4000015258789,3.5899999141693115,6.909999847412109,134.3300018310547,3.700000047683716,8.65999984741211,,,1.1509776,21.11,97.22,0
3/10/2025 4:40:12 PM,Josh B,,5 Iron,119.84390412487669,2.29,1.11,1.91,0.7999999999999998,163.90786447917716,1.3676779447070255,5.679999828338623,1.7100000381469727,2292.2431640625,-60.8251953125,2293.050048828125,Estimated,1.5199999809265137,2.640000104904175,79.80000305175781,1.940000057220459,2.7100000381469727,127.61000061035156,2.0299999713897705,4.510000228881836,,,1.1509776,21.11,97.22,0
3/10/2025 4:40:31 PM,Josh B,,5 Iron,188.27984937612047,-5.32,-3.46,0.1,3.56,166.89586868057066,0.8864244858575825,11.649999618530273,-0.3499999940395355,5163.986328125,-497.2353210449219,5187.8701171875,Estimated,5.5,12.510000228881836,122.5999984741211,1.7200000286102295,3.680000066757202,135.47000122070312,1.9199999570846558,4.53000020980835,,,1.1509776,21.11,97.22,0
3/10/2025 4:40:47 PM,Josh B,,5 Iron,116.45990683207452,-0.37,5.41,-1.8,-7.21,164.51987113068512,1.4126739030274946,8.15999984741211,-0.800000011920929,2404.532958984375,614.69580078125,2481.860107421875,Estimated,-14.34000015258789,4.900000095367432,97.81999969482422,-3.5899999141693115,-6.119999885559082,134.17999267578125,-4.349999904632568,-10.1899995803833,,,1.1509776,21.11,97.22,0
3/10/2025 4:41:10 PM,Josh B,,5 Iron,125.60389951688038,2.2,-1.73,3.43,5.16,163.69187344103247,1.3032387853454608,4.610000133514404,2.5999999046325684,2551.298828125,-462.2697448730469,2592.840087890625,Estimated,10.270000457763672,1.9900000095367432,73.48999786376953,4.130000114440918,5.289999961853027,122.91999816894531,4.75,10.170000076293945,,,1.1509776,21.11,97.22,0
3/10/2025 4:41:27 PM,Josh B,,5 Iron,119.95190403847675,-0.16,6.08,0.53,-5.55,167.83186188929562,1.3991596318092667,14.479999542236328,1.190000057220459,3710.803955078125,497.7639465332031,3744.0400390625,Estimated,-7.639999866485596,14.770000457763672,130.49000549316406,-1.399999976158142,-3.180000066757202,144.42999267578125,-1.649999976158142,-4.159999847412109,,,1.1509776,21.11,97.22,0
3/10/2025 4:41:46 PM,Josh B,,5 Iron,123.69590104327915,2.61,2.12,-1.44,-3.56,178.19985744011404,1.440628637951106,11.40999984741211,-0.9200000166893005,2824.77978515625,319.84552001953125,2842.830078125,Estimated,-6.460000038146973,11.430000305175781,136.30999755859375,-2.8399999141693115,-6.760000228881836,156.6999969482422,-3.0799999237060547,-8.430000305175781,,,1.1509776,21.11,97.22,0
3/10/2025 4:42:07 PM,Josh B,,5 Iron,124.99190000647998,0.48,3.19,6.9,3.7100000000000004,173.0518604598788,1.3845045995053058,14.729999542236328,6.059999942779541,3913.543212890625,-305.2535400390625,3925.429931640625,Estimated,4.460000038146973,16.700000762939453,137.49000549316406,8.069999694824219,19.309999465942383,150.61000061035156,8.170000076293945,21.40999984741211,,,1.1509776,21.11,97.22,0
3/10/2025 4:42:27 PM,Josh B,,5 Iron,126.53989876808097,-1.08,1.09,5.84,4.75,173.23185756929908,1.3689900122869065,12.920000076293945,4.929999828338623,3518.475830078125,-413.3258972167969,3542.669921875,Estimated,6.699999809265137,13.640000343322754,134.2899932861328,7.420000076293945,17.329999923706055,150.52999877929688,7.630000114440918,19.979999542236328,,,1.1509776,21.11,97.22,0
3/10/2025 4:43:12 PM,Josh B,,5 Iron,120.67190346247723,-0.73,4.76,0.89,-3.8699999999999997,172.94386494080646,1.4331742516565436,11.029999732971191,1.3200000524520874,2860.63330078125,352.2552490234375,2882.239990234375,Estimated,-7.019999980926514,10.050000190734863,127.3499984741211,-0.6000000238418579,-1.3300000429153442,150.17999267578125,-0.8999999761581421,-2.359999895095825,,,1.1509776,21.11,97.22,0
3/10/2025 4:43:34 PM,Josh B,,5 Iron,123.19190144647882,1.77,6.07,1.57,-4.5,158.14787458033314,1.2837522006188131,12.100000381469727,2.049999952316284,3577.15869140625,420.8525085449219,3601.830078125,Estimated,-6.710000038146973,9.680000305175781,111.86000061035156,0.1599999964237213,0.3100000023841858,129.05999755859375,-0.10999999940395355,-0.23999999463558197,,,1.1509776,21.11,97.22,0
3/10/2025 4:43:52 PM,Josh B,,5 Iron,121.35590291527765,0.58,-1.63,3.27,4.9,161.45986533894364,1.330465691905105,9.489999771118164,2.4800000190734863,2901.275146484375,-423.7674560546875,2932.06005859375,Estimated,8.3100004196167,6.559999942779541,104.69000244140625,4.489999771118164,8.1899995803833,136.30999755859375,4.940000057220459,11.729999542236328,,,1.1509776,21.11,97.22,0
3/10/2025 4:44:14 PM,Josh B,,5 Iron,117.64790588167529,-0.26,3.0,-3.59,-6.59,159.22787096975398,1.3534271585751632,13.59000015258789,-2.569999933242798,3380.0322265625,557.7425537109375,3425.739990234375,Estimated,-9.369999885559082,11.3100004196167,116.7300033569336,-5.460000038146973,-11.100000381469727,132.7899932861328,-5.78000020980835,-13.369999885559082,,,1.1509776,21.11,97.22,0
3/10/2025 4:44:34 PM,Josh B,,5 Iron,113.32790933767252,0.0,1.93,-7.35,-9.28,148.9678846709071,1.3144854214776123,12.739999771118164,-5.800000190734863,2848.693359375,744.6842651367188,2944.419921875,Estimated,-14.649999618530273,7.920000076293945,98.88999938964844,-9.380000114440918,-16.1200008392334,121.19999694824219,-10.0,-21.040000915527344,,,1.1509776,21.11,97.22,0
3/10/2025 4:44:58 PM,Josh B,,5 Iron,115.91990726407418,2.55,2.16,-8.28,-10.44,150.08387498905233,1.2947204542456205,3.9800000190734863,-6.53000020980835,1563.583251953125,856.0366821289062,1782.5799560546875,Estimated,-28.700000762939453,0.7699999809265137,39.5099983215332,-8.34000015258789,-5.730000019073486,99.5199966430664,-9.449999809265137,-16.34000015258789,,,1.1509776,21.11,97.22,0
3/10/2025 4:45:14 PM,Josh B,,5 Iron,113.36390930887254,1.99,4.06,2.6,-1.4599999999999995,151.95587513940143,1.340425502841304,11.399999618530273,2.6500000953674316,2919.47119140625,135.6361083984375,2922.6201171875,Estimated,-2.6600000858306885,7.289999961853027,100.12999725341797,2.0799999237060547,3.630000114440918,125.20999908447266,1.940000057220459,4.239999771118164,,,1.1509776,21.11,97.22,0
3/10/2025 4:45:36 PM,Josh B,,5 Iron,113.03990956807233,-2.73,3.71,4.74,1.0300000000000002,160.55986605894307,1.420382117010226,19.040000915527344,4.360000133514404,3888.91845703125,-62.44984817504883,3889.419921875,Estimated,0.9200000166893005,19.0,127.56999969482422,4.989999771118164,11.09000015258789,139.17999267578125,4.980000019073486,12.079999923706055,,,1.1509776,21.11,97.22,0
3/10/2025 4:45:52 PM,Josh B,,5 Iron,124.95590003527997,8.77,2.49,-1.6,-4.09,111.85190941983964,0.8951310773501647,8.760000228881836,-1.0,1924.4505615234375,371.2874755859375,1959.93994140625,Estimated,-10.920000076293945,1.690000057220459,39.25,-1.909999966621399,-1.309999942779541,72.1500015258789,-2.319999933242798,-2.930000066757202,,,1.1509776,21.11,97.22,0
3/10/2025 4:46:08 PM,Josh B,,5 Iron,129.02389678088258,-1.51,6.36,3.11,-3.2500000000000004,171.89986248011,1.3323102678571428,16.639999389648438,3.3499999046325684,4837.33447265625,330.6245422363281,4848.6201171875,Estimated,-3.9100000858306885,20.170000076293945,136.22999572753906,1.9500000476837158,4.619999885559082,146.39999389648438,1.8200000524520874,4.650000095367432,,,1.1509776,21.11,97.22,0
3/10/2025 4:46:34 PM,Josh B,,5 Iron,121.78790256967793,1.37,4.73,1.94,-2.7900000000000005,160.05586865940663,1.3142181225087985,17.75,2.180000066757202,4930.14404296875,264.4181213378906,4937.22998046875,Estimated,-3.069999933242798,18.190000534057617,123.26000213623047,1.1200000047683716,2.4200000762939453,133.00999450683594,1.0299999713897705,2.390000104904175,,,1.1509776,21.11,97.22,0
3/10/2025 4:46:52 PM,Josh B,,5 Iron,120.70790343367725,1.57,2.54,1.04,-1.5,173.4838562690673,1.4372203586850278,16.010000228881836,1.1699999570846558,3927.07958984375,139.8816680908203,3929.570068359375,Estimated,-2.0399999618530273,18.719999313354492,140.17999267578125,0.46000000834465027,1.1299999952316284,152.64999389648438,0.38999998569488525,1.0499999523162842,,,1.1509776,21.11,97.22,0
3/10/2025 5:55:19 PM,Josh B,,5 Iron,98.92792085766331,1.47,-1.15,11.62,12.77,122.83189788926683,1.241630237695952,,9.399999618530273,1323.191650390625,-763.9449462890625,1527.8900146484375,Estimated,30.0,,,,,,,,,,1.1509776,21.11,97.22,0
3/10/2025 5:55:46 PM,Josh B,,5 Iron,109.0799127360698,1.15,0.53,23.11,22.58,125.24390310077595,1.148184848697272,13.100000381469727,19.049999237060547,3016.7890625,-1717.258544921875,3471.31005859375,Estimated,29.649999618530273,4.869999885559082,66.63999938964844,24.8799991607666,28.030000686645508,90.33999633789062,26.34000015258789,40.08000183105469,,,1.1509776,21.11,97.22,0
3/10/2025 5:56:01 PM,Josh B,,5 Iron,103.13991748806599,0.29,0.24,8.85,8.61,130.31989849066323,1.2635253320397715,12.800000190734863,7.300000190734863,2569.912841796875,-618.40478515625,2643.27001953125,Estimated,13.529999732971191,5.369999885559082,74.36000061035156,9.8100004196167,12.670000076293945,100.52999877929688,10.40999984741211,18.15999984741211,,,1.1509776,21.11,97.22,0
3/10/2025 5:56:20 PM,Josh B,,5 Iron,103.93191685446651,-1.76,1.6,8.2,6.6,132.5158989311285,1.2750260260925186,12.180000305175781,6.929999828338623,2753.6083984375,-471.1775817871094,2793.6298828125,Estimated,9.710000038146973,5.309999942779541,76.08999633789062,8.850000381469727,11.699999809265137,102.5999984741211,9.289999961853027,16.549999237060547,,,1.1509776,21.11,97.22,0
3/10/2025 5:56:41 PM,Josh B,,5 Iron,91.76392658885871,0.0,0.0,0.0,0.0,84.49192993453222,0.9207532096255195,5.239999771118164,16.31999969482422,2619.489990234375,0.0,2619.489990234375,Estimated,-0.0,0.33000001311302185,13.4399995803833,16.34000015258789,3.7799999713897705,24.760000228881836,16.329999923706055,6.960000038146973,,,1.1509776,21.11,97.22,0
3/10/2025 5:57:03 PM,Josh B,,5 Iron,103.49991720006624,-2.29,-0.07,1.09,1.1600000000000001,150.5518784598644,1.454608685037364,13.229999542236328,0.8799999952316284,2810.68310546875,-84.40110778808594,2811.949951171875,Estimated,1.7200000286102295,8.789999961853027,103.68000030517578,1.3200000524520874,2.390000104904175,125.83999633789062,1.3899999856948853,3.049999952316284,,,1.1509776,21.11,97.22,0
3/10/2025 5:57:22 PM,Josh B,,5 Iron,121.35590291527765,1.03,-1.27,5.41,6.68,158.65187197986958,1.3073271935575266,12.260000228881836,4.28000020980835,3459.425048828125,-572.7041015625,3506.510009765625,Estimated,9.399999618530273,9.75,112.47000122070312,7.139999866485596,13.970000267028809,129.86000061035156,7.480000019073486,16.899999618530273,,,1.1509776,21.11,97.22,0
3/10/2025 5:57:38 PM,Josh B,,5 Iron,116.35190691847446,1.84,1.33,1.79,0.45999999999999996,162.32387069021985,1.3951113908597739,13.260000228881836,1.6399999856948853,3255.08056640625,-30.111148834228516,3255.219970703125,Estimated,0.5299999713897705,11.5,120.98999786376953,1.850000023841858,3.9100000858306885,137.0800018310547,1.8600000143051147,4.449999809265137,,,1.1509776,21.11,97.22,0
3/10/2025 5:57:53 PM,Josh B,,5 Iron,114.73190821447342,0.0,0.0,0.0,0.0,142.70388363962746,1.2438029303309832,11.619999885559082,6.980000019073486,3129.280029296875,0.0,3129.280029296875,Estimated,-0.0,6.420000076293945,89.0,7.119999885559082,11.029999732971191,113.88999938964844,7.079999923706055,14.050000190734863,,,1.1509776,21.11,97.22,0
3/10/2025 5:58:27 PM,Josh B,,5 Iron,117.39590608327512,1.41,3.91,-1.95,-5.86,149.86788395090767,1.2766023019967874,11.770000457763672,-1.1100000143051147,2786.543212890625,501.37823486328125,2831.2900390625,Estimated,-10.199999809265137,7.150000095367432,97.22000122070312,-3.4200000762939453,-5.809999942779541,124.30999755859375,-3.9200000762939453,-8.5,,,1.1509776,21.11,97.22,0
3/10/2025 5:59:07 PM,Josh B,,5 Iron,113.57990913607269,-3.17,4.02,9.99,5.970000000000001,160.99187560103076,1.4174326852837758,18.06999969482422,8.710000038146973,3775.85302734375,-452.9169616699219,3802.919921875,Estimated,6.840000152587891,17.6200008392334,126.9000015258789,11.6899995803833,25.709999084472656,139.1699981689453,11.829999923706055,28.540000915527344,,,1.1509776,21.11,97.22,0
3/10/2025 5:59:24 PM,Josh B,,5 Iron,112.46391002887196,4.87,3.38,-4.49,-7.87,146.9518813398621,1.3066581208330417,11.859999656677246,-3.2699999809265137,2239.67236328125,635.8748779296875,2328.18994140625,Estimated,-15.850000381469727,6.239999771118164,90.69999694824219,-6.28000020980835,-9.920000076293945,120.36000061035156,-7.0,-14.680000305175781,,,1.1509776,21.11,97.22,0
3/10/2025 5:59:40 PM,Josh B,,5 Iron,120.88790328967735,-0.13,1.89,5.42,3.5300000000000002,166.21186043871475,1.3749254963950361,15.739999771118164,4.690000057220459,4098.501953125,-287.3139953613281,4108.56005859375,Estimated,4.010000228881836,16.530000686645508,130.02999877929688,6.440000057220459,14.59000015258789,142.3000030517578,6.53000020980835,16.190000534057617,,,1.1509776,21.11,97.22,0
3/10/2025 5:59:58 PM,Josh B,,5 Iron,150.7678793856965,0.0,0.0,0.0,0.0,153.7558736994026,1.0198185072701207,8.149999618530273,3.8299999237060547,4740.41015625,0.0,4740.41015625,Estimated,-0.0,5.860000133514404,95.43000030517578,3.9100000858306885,6.510000228881836,119.05999755859375,3.890000104904175,8.079999923706055,,,1.1509776,21.11,97.22,0
3/10/2025 6:00:18 PM,Josh B,,5 Iron,117.21590622727501,0.0,-5.24,10.19,15.43,151.77587802998116,1.2948402901539344,,7.71999979019165,2056.706298828125,-1187.4398193359375,2374.8798828125,Estimated,30.0,,,,,,,,,,1.1509776,21.11,97.22,0
3/10/2025 6:01:03 PM,Josh B,,5 Iron,112.53590997127202,1.31,0.82,21.62,20.8,136.69189504101521,1.2146513506302983,2.1700000762939453,17.860000610351562,1652.48046875,-954.0599365234375,1908.1199951171875,Estimated,30.0,0.18000000715255737,17.6299991607666,18.809999465942383,5.690000057220459,39.75,19.350000381469727,13.170000076293945,,,1.1509776,21.11,97.22,0
3/10/2025 6:01:20 PM,Josh B,,5 Iron,103.17591745926602,-4.69,1.75,3.55,1.7999999999999998,145.58387858904945,1.4110257720414858,12.729999542236328,3.140000104904175,3609.561279296875,-121.63355255126953,3611.610107421875,Estimated,1.9299999475479126,8.239999771118164,97.19000244140625,3.740000009536743,6.329999923706055,115.66999816894531,3.799999952316284,7.670000076293945,,,1.1509776,21.11,97.22,0
3/10/2025 6:01:41 PM,Josh B,,5 Iron,113.83190893447285,1.74,-0.65,15.8,16.45,134.09989272008582,1.1780518659076533,11.149999618530273,12.899999618530273,2804.169921875,-1310.5863037109375,3095.320068359375,Estimated,25.049999237060547,4.53000020980835,72.0,17.6200008392334,21.790000915527344,99.97000122070312,18.889999389648438,32.369998931884766,,,1.1509776,21.11,97.22,0
3/10/2025 6:02:04 PM,Josh B,,5 Iron,108.25191339846927,-1.46,-0.48,10.69,11.17,142.4518849398592,1.3159294876895318,15.579999923706055,8.720000267028809,3416.269775390625,-846.073974609375,3519.47998046875,Estimated,13.90999984741211,10.039999961853027,98.51000213623047,12.779999732971191,21.790000915527344,113.69999694824219,13.229999542236328,26.030000686645508,,,1.1509776,21.11,97.22,0
3/10/2025 6:02:29 PM,Josh B,,5 Iron,105.26391578886735,3.61,1.54,10.57,9.030000000000001,131.2198977706638,1.2465800534521017,,8.869999885559082,1186.2337646484375,-656.1875,1355.6300048828125,Estimated,28.950000762939453,,,,,,,,,,1.1509776,21.11,97.22,0
3/10/2025 6:02:54 PM,Josh B,,5 Iron,120.41990366407707,-0.57,0.62,5.25,4.63,150.73187556928468,1.2517189516258524,13.859999656677246,4.389999866485596,3493.186279296875,-385.6513671875,3514.409912109375,Estimated,6.300000190734863,10.119999885559082,106.52999877929688,6.320000171661377,11.729999542236328,122.5999984741211,6.53000020980835,13.949999809265137,,,1.1509776,21.11,97.22,0
3/10/2025 6:03:11 PM,Josh B,,5 Iron,109.15191267846984,-6.05,5.46,5.89,0.4299999999999997,152.60387571963378,1.398087051109777,14.210000038146973,5.519999980926514,3046.38427734375,-5.848645210266113,3046.389892578125,Estimated,0.10999999940395355,10.4399995803833,109.66000366210938,5.730000019073486,10.9399995803833,126.58000183105469,5.699999809265137,12.579999923706055,,,1.1509776,21.11,97.22,0
3/10/2025 6:03:29 PM,Josh B,,5 Iron,108.17991345606923,0.23,2.56,0.52,-2.04,145.0438872607886,1.3407654214817752,15.460000038146973,0.7400000095367432,3158.4375,166.63223266601562,3162.830078125,Estimated,-3.0199999809265137,10.430000305175781,102.55999755859375,-0.029999999329447746,-0.05000000074505806,119.38999938964844,-0.14000000059604645,-0.28999999165534973,,,1.1509776,21.11,97.22,0
3/10/2025 6:03:44 PM,Josh B,,5 Iron,104.43591645126683,-2.62,2.55,12.81,10.260000000000002,143.42388581020774,1.3733195502443256,18.969999313354492,10.850000381469727,4119.83984375,-736.0809936523438,4185.080078125,Estimated,10.130000114440918,14.199999809265137,105.0999984741211,14.739999771118164,26.75,116.44000244140625,14.979999542236328,30.100000381469727,,,1.1509776,21.11,97.22,0
3/10/2025 6:04:11 PM,Josh B,,5 Iron,113.07590953927236,-7.84,6.22,1.46,-4.76,168.76786883091975,1.4925183402774669,15.729999542236328,1.9800000190734863,3360.918701171875,407.3110656738281,3385.510009765625,Estimated,-6.909999847412109,16.209999084472656,134.47000122070312,-0.27000001072883606,-0.6399999856948853,148.6699981689453,-0.5,-1.2999999523162842,,,1.1509776,21.11,97.22,0
3/10/2025 6:05:08 PM,Josh B,,5 Iron,113.4719092224726,2.58,4.86,20.4,15.54,138.02389013020428,1.2163705632166208,10.729999542236328,17.3700008392334,2632.16455078125,-1205.6546630859375,2895.14990234375,Estimated,24.610000610351562,4.480000019073486,74.41000366210938,22.059999465942383,27.940000534057617,104.12000274658203,23.329999923706055,41.2400016784668,,,1.1509776,21.11,97.22,0
3/10/2025 6:05:24 PM,Josh B,,5 Iron,145.9078832736934,0.0,0.0,0.0,0.0,190.0438512608174,1.3024920038373389,1.0700000524520874,-33.18000030517578,2394.719970703125,0.0,2394.719970703125,Estimated,-0.0,0.3700000047683716,53.27000045776367,-33.209999084472656,-29.18000030517578,102.91000366210938,-33.20000076293945,-56.349998474121094,,,1.1509776,21.11,97.22,0
3/10/2025 6:05:53 PM,Josh B,,5 Iron,111.31191095047123,-5.86,4.5,5.48,0.9800000000000004,153.39587948056203,1.378072464759106,14.239999771118164,5.070000171661377,3182.923828125,-53.89107131958008,3183.3798828125,Estimated,0.9700000286102295,10.779999732971191,111.23999786376953,5.510000228881836,10.680000305175781,127.37000274658203,5.519999980926514,12.25,,,1.1509776,21.11,97.22,0
